Food Item,Calories in kcal per 100g,,,,,,,,
Aam Panna,50,,,,,,,,
Acerola,32,,,,,,,,
Ackee,151,,,,,,,,
Acorn seeds,387,,,,,,,,
Adzuki beans,329,,,,,,,,
Adzuki beans (cooked),128,,,,,,,,
Adzuki beans (raw),329,,,,,,,,
African horned cucumber,44,,,,,,,,
Ajwain,305,,,,,,,,
Ajwain seeds,305,,,,,,,,
Ajwain seeds,341,,,,,,,,
Algae oil,884,,,,,,,,
Allspice (ground),263,,,,,,,,
Almond Barfi,430,,,,,,,,
Almond butter,614,,,,,,,,
Almond flour,579,,,,,,,,
Almond oil,884,,,,,,,,
Almond oil (refined),884,,,,,,,,
Almonds,579,,,,,,,,
Aloo Bhaji,150,,,,,,,,
Aloo Bhujia,460,,,,,,,,
Aloo Chaat,220,,,,,,,,
Aloo Gobi,130,,,,,,,,
Aloo Paratha,290,,,,,,,,
Aloo Poha,180,,,,,,,,
Aloo Tikki,220,,,,,,,,
Amaranth,371,,,,,,,,
Amaranth (cooked),102,,,,,,,,
Amaranth flour,371,,,,,,,,
Amaranth flour,375,,,,,,,,
Amaranth leaves,23,,,,,,,,
Ambarella,40,,,,,,,,
Anchovies (canned),210,,,,,,,,
Anise,337,,,,,,,,
Anise seeds,337,,,,,,,,
Anjeer (Fig) Barfi,440,,,,,,,,
Anjeer Laddu,450,,,,,,,,
Anjeer Roll,440,,,,,,,,
Apple,49,,,,,,,,
Apple,52,,,,,,,,
Apple Juice,46,,,,,,,,
Apricot,52,,,,,,,,
Apricot,48,,,,,,,,
Aronia (Chokeberry),47,,,,,,,,
Artichoke,47,,,,,,,,
Arugula,25,,,,,,,,
Asafoetida (hing),317,,,,,,,,
Asian pear,42,,,,,,,,
Asparagus,20,,,,,,,,
Atemoya,83,,,,,,,,
Avocado,190,,,,,,,,
Avocado oil,884,,,,,,,,
Avocado oil (refined),884,,,,,,,,
Baati,370,,,,,,,,
Babaco,32,,,,,,,,
Babassu oil,862,,,,,,,,
Bacaba,83,,,,,,,,
Bacon,541,,,,,,,,
Bacon (cooked),541,,,,,,,,
Badam (Almond) Halwa,450,,,,,,,,
Badam Laddu,450,,,,,,,,
Badam Milk,160,,,,,,,,
Bael,137,,,,,,,,
Bael fruit,137,,,,,,,,
Bagel,250,,,,,,,,
Bagel (plain),250,,,,,,,,
Baingan Bharta,120,,,,,,,,
Bajra Roti,260,,,,,,,,
Baked Potato,93,,,,,,,,
Balushahi,450,,,,,,,,
Bambara groundnut,352,,,,,,,,
Bamboo beans,315,,,,,,,,
Bamboo shoots,27,,,,,,,,
Bamboo shoots (canned),12,,,,,,,,
Banana,89,,,,,,,,
Banana Chips,520,,,,,,,,
Barbados cherry,32,,,,,,,,
Barberry,29,,,,,,,,
Barberry,66,,,,,,,,
Barfi,430,,,,,,,,
Barley,354,,,,,,,,
"Barley (pearled, cooked)",123,,,,,,,,
Barley flakes,352,,,,,,,,
Barley flour,354,,,,,,,,
Barley pearls,354,,,,,,,,
Barley tea (dried),15,,,,,,,,
Barukas nuts,618,,,,,,,,
Basil,23,,,,,,,,
Basil,251,,,,,,,,
Basil (dried),251,,,,,,,,
Batata Poha,180,,,,,,,,
Batata Vada,300,,,,,,,,
Bay leaf,313,,,,,,,,
Bay leaf (dried),313,,,,,,,,
Bay leaves,313,,,,,,,,
Bay leaves (fresh),313,,,,,,,,
Bean salad,92,,,,,,,,
Bean sprouts,30,,,,,,,,
Bean sprouts,31,,,,,,,,
Beechnuts,690,,,,,,,,
"Beef (ground, 85% lean)",215,,,,,,,,
"Beef (lean, raw)",250,,,,,,,,
Beef jerky,410,,,,,,,,
Beef liver (cooked),175,,,,,,,,
Beef liver (raw),135,,,,,,,,
"Beef steak (cooked, broiled)",271,,,,,,,,
Beef Steak (grilled),271,,,,,,,,
Beer,43,,,,,,,,
Beetroot,43,,,,,,,,
Bell pepper (green),20,,,,,,,,
Bell pepper (red),31,,,,,,,,
Bengal gram (chana dal),378,,,,,,,,
Bengal gram (cooked),164,,,,,,,,
Besan Barfi,400,,,,,,,,
Besan Chilla,220,,,,,,,,
Besan Laddu,400,,,,,,,,
Bhajiya (onion fritters),300,,,,,,,,
Bhel Puri,170,,,,,,,,
Bhindi Masala,110,,,,,,,,
Bhujia,480,,,,,,,,
Bilberry,57,,,,,,,,
Bilberry,44,,,,,,,,
Bison (cooked),172,,,,,,,,
Bison (raw),143,,,,,,,,
Bitter gourd,17,,,,,,,,
Black beans,341,,,,,,,,
Black beans (cooked),132,,,,,,,,
Black beans (raw),341,,,,,,,,
Black cardamom,311,,,,,,,,
Black cherry,50,,,,,,,,
Black cumin seeds (kalonji),375,,,,,,,,
Black gram (cooked),116,,,,,,,,
Black gram (urad dal),347,,,,,,,,
"Black gram (urad dal, raw)",347,,,,,,,,
Black gram flour,347,,,,,,,,
Black mustard seeds,508,,,,,,,,
Black pepper (ground),255,,,,,,,,
Black salsify,82,,,,,,,,
Black salt (kala namak),0,,,,,,,,
Black sapote,134,,,,,,,,
Black sapote,112,,,,,,,,
Black seed oil,884,,,,,,,,
Black seed oil (refined),884,,,,,,,,
Black Tea,1,,,,,,,,
Black turtle beans,341,,,,,,,,
Black turtle beans (cooked),132,,,,,,,,
Black turtle beans (raw),339,,,,,,,,
Black walnuts,619,,,,,,,,
Blackberry,25,,,,,,,,
Blackberry,43,,,,,,,,
Blackcurrant,63,,,,,,,,
Black-eyed peas,343,,,,,,,,
Black-eyed peas (cooked),116,,,,,,,,
Black-eyed peas (raw),336,,,,,,,,
Black-eyed peas flour,337,,,,,,,,
Blended cooking oil,884,,,,,,,,
Blue cheese,353,,,,,,,,
Blueberry,57,,,,,,,,
Borage oil,884,,,,,,,,
Borage oil (refined),884,,,,,,,,
Boysenberry,43,,,,,,,,
Boysenberry,50,,,,,,,,
Brazil nuts,659,,,,,,,,
Bread Butter,260,,,,,,,,
Bread Omelette,280,,,,,,,,
Bread Pakora,350,,,,,,,,
Breadfruit,103,,,,,,,,
Brie cheese,334,,,,,,,,
Broad beans (cooked),110,,,,,,,,
Broad beans (raw),341,,,,,,,,
Broccoli,34,,,,,,,,
Broccolini,35,,,,,,,,
Brown rice,111,,,,,,,,
Brown rice (cooked),111,,,,,,,,
Brown rice flour,363,,,,,,,,
Brownie,466,,,,,,,,
Brussels sprouts,43,,,,,,,,
Buckwheat,343,,,,,,,,
Buckwheat flour,335,,,,,,,,
Buckwheat noodles (soba),99,,,,,,,,
Bulgur flour,342,,,,,,,,
Bulgur wheat,342,,,,,,,,
Butter,717,,,,,,,,
Butter (salted),717,,,,,,,,
Butter (unsalted),717,,,,,,,,
Butter Chicken,320,,,,,,,,
Butter oil (anhydrous milk fat),876,,,,,,,,
Buttermilk,40,,,,,,,,
Buttermilk (Chaas),45,,,,,,,,
Buttermilk (cultured),40,,,,,,,,
Cabbage,25,,,,,,,,
Cabbage (green),25,,,,,,,,
Cabbage (red),31,,,,,,,,
Caesar Dressing,482,,,,,,,,
Cake (vanilla),360,,,,,,,,
Calamansi,37,,,,,,,,
Calamari (fried),175,,,,,,,,
Camelina oil,884,,,,,,,,
Camembert cheese,300,,,,,,,,
Candlenut butter,862,,,,,,,,
Candlenut oil,884,,,,,,,,
Candlenuts,719,,,,,,,,
Cannellini beans,340,,,,,,,,
Cannellini beans (cooked),140,,,,,,,,
Cannellini beans (raw),333,,,,,,,,
Canola oil,884,,,,,,,,
Canola oil (high oleic),884,,,,,,,,
Cantaloupe,34,,,,,,,,
Carambola,31,,,,,,,,
Caraway seeds,333,,,,,,,,
Cardamom,311,,,,,,,,
Cardamom (black),311,,,,,,,,
Cardamom (green),311,,,,,,,,
Cardamom Tea,45,,,,,,,,
Carom seeds,305,,,,,,,,
Carrot,41,,,,,,,,
Carrot Halwa,300,,,,,,,,
Carrot Laddu,450,,,,,,,,
Cashew apple,53,,,,,,,,
Cashew butter,575,,,,,,,,
Cashew flour,553,,,,,,,,
Cashews,553,,,,,,,,
Castor oil,884,,,,,,,,
Cauliflower,25,,,,,,,,
Caviar,264,,,,,,,,
Cayenne pepper,318,,,,,,,,
Celeriac,42,,,,,,,,
Celeriac (celery root),42,,,,,,,,
Celery,16,,,,,,,,
Celery leaves (dried),305,,,,,,,,
Celery salt,260,,,,,,,,
Celery seed,305,,,,,,,,
Celery seeds,305,,,,,,,,
Cempedak,100,,,,,,,,
Chaat,180,,,,,,,,
Chaat Papdi,220,,,,,,,,
Chakli,470,,,,,,,,
Chakodi,480,,,,,,,,
Chana Jor Garam,420,,,,,,,,
Chana Masala,160,,,,,,,,
Chapati,230,,,,,,,,
Chard,19,,,,,,,,
Chayote,19,,,,,,,,
Cheddar Cheese,403,,,,,,,,
Cheese (blue Stilton),353,,,,,,,,
Cheese (cheddar aged),403,,,,,,,,
Cheese (cheddar),403,,,,,,,,
"Cheese (cottage cheese, full fat)",206,,,,,,,,
"Cheese (cottage cheese, low fat)",98,,,,,,,,
Cheese (cottage high sodium),206,,,,,,,,
Cheese (cottage low sodium),98,,,,,,,,
Cheese (cream cheese),342,,,,,,,,
Cheese (Emmental aged),380,,,,,,,,
Cheese (feta),264,,,,,,,,
Cheese (gorgonzola),353,,,,,,,,
Cheese (grated parmesan),431,,,,,,,,
Cheese (halloumi),320,,,,,,,,
Cheese (low fat cheddar),290,,,,,,,,
Cheese (low fat mozzarella),254,,,,,,,,
Cheese (mascarpone),429,,,,,,,,
Cheese (mozzarella),280,,,,,,,,
"Cheese (paneer, homemade)",265,,,,,,,,
Cheese (parmesan),431,,,,,,,,
Cheese (queso blanco),270,,,,,,,,
Cheese (ricotta salata),174,,,,,,,,
Cheese (Swiss),380,,,,,,,,
Cheese powder,350,,,,,,,,
Cheese spread,310,,,,,,,,
Cheeseburger,295,,,,,,,,
Cherimoya,75,,,,,,,,
Cherry,39,,,,,,,,
Cherry,50,,,,,,,,
Chervil,26,,,,,,,,
Chestnut flour,131,,,,,,,,
Chestnuts (raw),131,,,,,,,,
Chhena Jalebi,350,,,,,,,,
Chhena Poda,300,,,,,,,,
Chia seed flour,486,,,,,,,,
Chia seed meal,486,,,,,,,,
Chia seed oil,884,,,,,,,,
Chia seeds,486,,,,,,,,
Chicken 65,320,,,,,,,,
Chicken Biryani,250,,,,,,,,
"Chicken breast (skinless, raw)",120,,,,,,,,
Chicken Curry,250,,,,,,,,
Chicken Cutlet,230,,,,,,,,
Chicken drumstick (skinless),115,,,,,,,,
Chicken liver (cooked),167,,,,,,,,
Chicken liver (raw),119,,,,,,,,
Chicken Roll,320,,,,,,,,
Chicken Sandwich,250,,,,,,,,
"Chicken thigh (skinless, raw)",109,,,,,,,,
Chicken Tikka,250,,,,,,,,
Chicken wings (with skin),203,,,,,,,,
Chickpea flour (besan),387,,,,,,,,
Chickpea split dal (cooked),164,,,,,,,,
Chickpeas (boiled),164,,,,,,,,
Chickpeas (cooked),164,,,,,,,,
Chickpeas (garbanzo),364,,,,,,,,
Chickpeas (raw),364,,,,,,,,
Chicory,23,,,,,,,,
Chicory root,72,,,,,,,,
Chikki,480,,,,,,,,
Chikki (Peanut brittle),480,,,,,,,,
Chikki with Sesame Seeds,480,,,,,,,,
Chikoo (Sapodilla),83,,,,,,,,
Chili flakes,282,,,,,,,,
Chili powder (hot),318,,,,,,,,
Chives (dried),287,,,,,,,,
Chocolate (dark),546,,,,,,,,
Chocolate (milk),535,,,,,,,,
Chocolate Barfi,410,,,,,,,,
Chokecherry,66,,,,,,,,
Chole,160,,,,,,,,
Chole Bhature,450,,,,,,,,
Cinnamon,247,,,,,,,,
Cinnamon (ground),247,,,,,,,,
Clams (cooked),148,,,,,,,,
Clams (raw),74,,,,,,,,
Clementine,47,,,,,,,,
Clotted cream,510,,,,,,,,
Clotted cream (double),510,,,,,,,,
Cloudberry,51,,,,,,,,
Cloudberry,50,,,,,,,,
Cloves (ground),274,,,,,,,,
Coconut (raw meat),354,,,,,,,,
Coconut Barfi,430,,,,,,,,
Coconut Burfi,430,,,,,,,,
Coconut Jalebi,350,,,,,,,,
Coconut Kheer,220,,,,,,,,
Coconut Laddu,420,,,,,,,,
Coconut Ladoo,420,,,,,,,,
Coconut oil (hydrogenated),902,,,,,,,,
Coconut oil (refined),862,,,,,,,,
Coconut oil (virgin),892,,,,,,,,
Coconut Water,19,,,,,,,,
Cod (baked),105,,,,,,,,
Cod (cooked),105,,,,,,,,
Cod (raw),82,,,,,,,,
Cod liver oil,902,,,,,,,,
Coffee (black),2,,,,,,,,
Coffee (without sugar),2,,,,,,,,
Coffee with Milk & Sugar,70,,,,,,,,
Coffee with milk & sugar,50,,,,,,,,
Cola,42,,,,,,,,
Cold Coffee,100,,,,,,,,
Cold Drink (Cola),42,,,,,,,,
Collard greens,32,,,,,,,,
Common beans,337,,,,,,,,
Condensed milk (sweetened),321,,,,,,,,
Condensed skim milk,321,,,,,,,,
Cooking spray (oil-based),884,,,,,,,,
Coriander leaves,23,,,,,,,,
Coriander seed flour,298,,,,,,,,
Coriander seeds,298,,,,,,,,
Corn (boiled),96,,,,,,,,
Corn (field),365,,,,,,,,
Corn (maize),365,,,,,,,,
Corn (popcorn),375,,,,,,,,
Corn (sweet),86,,,,,,,,
Corn Chaat,150,,,,,,,,
Corn flakes,357,,,,,,,,
Corn flakes (breakfast cereal),357,,,,,,,,
Corn flour,370,,,,,,,,
Corn gluten meal,370,,,,,,,,
Corn grits,370,,,,,,,,
Corn oil,884,,,,,,,,
Corn oil (refined),884,,,,,,,,
Corn Pakora,300,,,,,,,,
Corn syrup,286,,,,,,,,
Corn tortilla,218,,,,,,,,
Cornflakes with Milk,110,,,,,,,,
Cornish hen (roasted),160,,,,,,,,
Cornmeal,370,,,,,,,,
Cornmeal (dry),370,,,,,,,,
Cottonseed oil,884,,,,,,,,
Couscous,112,,,,,,,,
Couscous (cooked),112,,,,,,,,
Couscous (dry),376,,,,,,,,
Couscous (instant),376,,,,,,,,
Crab (cooked),97,,,,,,,,
Crab (raw),83,,,,,,,,
Cranberry,15,,,,,,,,
Cranberry,46,,,,,,,,
Cranberry beans,333,,,,,,,,
Cranberry beans (cooked),127,,,,,,,,
Cranberry beans (raw),337,,,,,,,,
Cream (heavy whipping),340,,,,,,,,
Cream (light),195,,,,,,,,
"Cream (whipped, sweetened)",257,,,,,,,,
Cream Cheese,342,,,,,,,,
Cream cheese (reduced fat),300,,,,,,,,
Croissant,406,,,,,,,,
Cucumber,16,,,,,,,,
Cumin (ground),375,,,,,,,,
Cumin seed flour,375,,,,,,,,
Cumin seeds,375,,,,,,,,
Cupuacu butter,862,,,,,,,,
Currant,63,,,,,,,,
Curry leaves (dried),287,,,,,,,,
Custard apple,94,,,,,,,,
Dabeli,250,,,,,,,,
Dahi Puri,180,,,,,,,,
Dahi Vada,210,,,,,,,,
Daikon radish,18,,,,,,,,
Dal Baati,400,,,,,,,,
Dal Makhani,230,,,,,,,,
Dal Paratha,320,,,,,,,,
Dal Tadka,150,,,,,,,,
Dalia (Broken Wheat),130,,,,,,,,
Damson plum,46,,,,,,,,
Dandelion greens,45,,,,,,,,
Date,282,,,,,,,,
Dates (dried),266,,,,,,,,
Dates (fresh),107,,,,,,,,
Dewberry,43,,,,,,,,
Dhokla,145,,,,,,,,
Dill,43,,,,,,,,
Dill seeds,305,,,,,,,,
Dill weed (dried),305,,,,,,,,
Donut,452,,,,,,,,
Dosa,160,,,,,,,,
Dosa with Coconut Chutney,160,,,,,,,,
Double cream,480,,,,,,,,
Dragon fruit,50,,,,,,,,
Dry Fruit Barfi,430,,,,,,,,
Dry Fruit Halwa,450,,,,,,,,
Dry Fruit Laddu,480,,,,,,,,
Dry Fruit Sweets,470,,,,,,,,
Duck (with skin),337,,,,,,,,
Duck eggs,185,,,,,,,,
Duck fat,900,,,,,,,,
Durian,147,,,,,,,,
Edam cheese,357,,,,,,,,
Edamame,121,,,,,,,,
Edamame (cooked),121,,,,,,,,
Edamame (soybean),121,,,,,,,,
Edible beans (various),337,,,,,,,,
Edible fern,22,,,,,,,,
Edible flowers,25,,,,,,,,
Egg Bhurji,150,,,,,,,,
Egg Bhurji Pav,290,,,,,,,,
Egg Curry,210,,,,,,,,
Egg Dosa,190,,,,,,,,
Egg Roll,250,,,,,,,,
Egg whites (raw),52,,,,,,,,
Egg yolk (raw),322,,,,,,,,
Eggplant,25,,,,,,,,
Eggplant (aubergine),25,,,,,,,,
"Eggs (whole, boiled)",155,,,,,,,,
"Eggs (whole, raw)",143,,,,,,,,
Elaichi Barfi,400,,,,,,,,
Elaichi Tea,45,,,,,,,,
Elderberry,73,,,,,,,,
Elephant apple,92,,,,,,,,
Elk (cooked),180,,,,,,,,
Elk (raw),158,,,,,,,,
Emu oil,884,,,,,,,,
Endive,17,,,,,,,,
English Muffin,223,,,,,,,,
Escargot (snails),90,,,,,,,,
Evaporated milk,134,,,,,,,,
Evaporated skim milk,83,,,,,,,,
Evaporated whole milk,134,,,,,,,,
Evening primrose oil,884,,,,,,,,
Evening primrose oil (refined),884,,,,,,,,
Faba beans,341,,,,,,,,
Falooda,250,,,,,,,,
Farro,335,,,,,,,,
Farro,340,,,,,,,,
Farro flour,335,,,,,,,,
Fat spread,717,,,,,,,,
Fava beans (broad beans),341,,,,,,,,
Fava beans (cooked),110,,,,,,,,
Fava beans (raw),341,,,,,,,,
Feijoa,55,,,,,,,,
Fennel,31,,,,,,,,
Fennel (whole seeds),345,,,,,,,,
Fennel pollen,345,,,,,,,,
Fennel seeds,345,,,,,,,,
Fenugreek leaves (dried),323,,,,,,,,
Fenugreek seed flour,323,,,,,,,,
Fenugreek seeds,323,,,,,,,,
Fiddlehead fern,34,,,,,,,,
Fig,74,,,,,,,,
Fig (fresh),45,,,,,,,,
Filter Coffee,50,,,,,,,,
"Fish (salmon, cooked)",206,,,,,,,,
"Fish (salmon, raw)",208,,,,,,,,
Fish Curry,200,,,,,,,,
Fish Cutlet,220,,,,,,,,
Fish Fry,250,,,,,,,,
Fish liver oil,902,,,,,,,,
Fish oil,902,,,,,,,,
Fish Pakora,300,,,,,,,,
Fish roe (raw),143,,,,,,,,
Flageolet beans,340,,,,,,,,
Flaxseed flour,534,,,,,,,,
Flaxseed meal,534,,,,,,,,
Flaxseed oil,884,,,,,,,,
Flaxseeds,534,,,,,,,,
Fonio,360,,,,,,,,
Fonio,340,,,,,,,,
Fonio (raw),340,,,,,,,,
Fonio flour,360,,,,,,,,
Freekeh,325,,,,,,,,
Freekeh,342,,,,,,,,
Freekeh flour,325,,,,,,,,
French Dressing,428,,,,,,,,
French Fries,312,,,,,,,,
Fried Chicken (drumstick),216,,,,,,,,
Fried Papad,400,,,,,,,,
Frog legs (cooked),90,,,,,,,,
Frog legs (raw),73,,,,,,,,
Frozen yogurt (vanilla),145,,,,,,,,
Fruit Custard,160,,,,,,,,
Fruit Juice (mango),60,,,,,,,,
Fuyu persimmon,81,,,,,,,,
Gac fruit,38,,,,,,,,
Galangal (dry),335,,,,,,,,
Garbanzo beans (cooked),164,,,,,,,,
Garbanzo beans (dry),364,,,,,,,,
Garbanzo beans (raw),364,,,,,,,,
Garlic,149,,,,,,,,
Garlic chives,30,,,,,,,,
Garlic scapes,30,,,,,,,,
Gathiya,450,,,,,,,,
Ghee,900,,,,,,,,
Ghee (clarified butter),900,,,,,,,,
Ghee (Indian clarified butter),900,,,,,,,,
Ghee (unsalted),900,,,,,,,,
Ghevar,400,,,,,,,,
Ghevar with Rabri,450,,,,,,,,
Ginger,80,,,,,,,,
Ginger (ground),335,,,,,,,,
Ginger powder,335,,,,,,,,
Ginger Tea,40,,,,,,,,
Ginkgo nuts,182,,,,,,,,
Glass noodles,351,,,,,,,,
Goat meat (cooked),143,,,,,,,,
Goat meat (raw),122,,,,,,,,
Gobi Manchurian,270,,,,,,,,
Goji berries,287,,,,,,,,
Goose (with skin),305,,,,,,,,
Goose eggs,276,,,,,,,,
Goose fat,900,,,,,,,,
Gooseberry,25,,,,,,,,
Gooseberry,44,,,,,,,,
Gouda cheese,356,,,,,,,,
Granola,471,,,,,,,,
Granola Bars,471,,,,,,,,
Grape,69,,,,,,,,
Grape (green),62,,,,,,,,
Grape (red),65,,,,,,,,
Grapefruit,30,,,,,,,,
Grapes,69,,,,,,,,
Grapeseed oil,884,,,,,,,,
Great northern beans,337,,,,,,,,
Great Northern beans (cooked),118,,,,,,,,
Great Northern beans (raw),333,,,,,,,,
Greek yogurt (non-fat),59,,,,,,,,
"Greek yogurt (plain, whole milk)",97,,,,,,,,
Green beans,31,,,,,,,,
Green cabbage,25,,,,,,,,
Green cardamom,311,,,,,,,,
Green gram (cooked),105,,,,,,,,
"Green gram (moong dal, raw)",347,,,,,,,,
Green gram (moong),347,,,,,,,,
Green onion (scallion),32,,,,,,,,
Green pea soup (canned),60,,,,,,,,
Green peas,81,,,,,,,,
Green peas (cooked),84,,,,,,,,
Green peas (dry),343,,,,,,,,
Green peas (raw),81,,,,,,,,
Green peppercorns (dried),250,,,,,,,,
Green Tea,5,,,,,,,,
Guava,68,,,,,,,,
Gulab Jamun,300,,,,,,,,
Gulab Jamun with Rabri,340,,,,,,,,
Gulkand,250,,,,,,,,
Gulkand Laddu,350,,,,,,,,
Hackberry,56,,,,,,,,
Haddock (cooked),116,,,,,,,,
Haddock (raw),90,,,,,,,,
Hala fruit,120,,,,,,,,
Half cream,230,,,,,,,,
Half-and-half,122,,,,,,,,
Halwa (gajar),300,,,,,,,,
Halwa (moong dal),400,,,,,,,,
Halwa (suji),350,,,,,,,,
"Ham (cooked, lean)",145,,,,,,,,
Hamburger Patty,254,,,,,,,,
Handvo,220,,,,,,,,
Haricot beans,337,,,,,,,,
Havarti cheese,350,,,,,,,,
Hawthorn,64,,,,,,,,
Hazelnut butter,628,,,,,,,,
Hazelnut flour,628,,,,,,,,
Hazelnut oil,884,,,,,,,,
Hazelnut oil (refined),884,,,,,,,,
Hazelnuts,628,,,,,,,,
Hemp hearts,553,,,,,,,,
Hemp oil,884,,,,,,,,
Hemp seed flour,553,,,,,,,,
Hemp seed oil,884,,,,,,,,
Hemp seed oil (refined),884,,,,,,,,
Hemp seeds,553,,,,,,,,
Herbal Tea,10,,,,,,,,
Hickory nuts,765,,,,,,,,
Honey,304,,,,,,,,
Honeyberry,39,,,,,,,,
Horse gram,321,,,,,,,,
Horse gram (cooked),124,,,,,,,,
Horse gram (kulthi),321,,,,,,,,
Horse gram (raw),321,,,,,,,,
Horse gram flour,321,,,,,,,,
Horseradish,48,,,,,,,,
Horseradish (dry),48,,,,,,,,
Hot chili pepper,40,,,,,,,,
Hot Dog,290,,,,,,,,
Hot Dog Bun,290,,,,,,,,
Huckleberry,50,,,,,,,,
Ice cream (vanilla),207,,,,,,,,
Iceberg Lettuce,14,,,,,,,,
Idiyappam (String Hoppers),140,,,,,,,,
Idli,130,,,,,,,,
Illipe butter,862,,,,,,,,
Imarti,340,,,,,,,,
Indian fig,87,,,,,,,,
Indian gooseberry,44,,,,,,,,
Instant oats,375,,,,,,,,
Jack bean,330,,,,,,,,
Jackfruit,95,,,,,,,,
Jalapeno pepper,29,,,,,,,,
Jalebi,350,,,,,,,,
Jalebi (Sugar Syrup),350,,,,,,,,
Jalebi with Cream,360,,,,,,,,
Jalebi with Rabri,360,,,,,,,,
Jaljeera,50,,,,,,,,
Jam/Jelly,250,,,,,,,,
Jambolan (Java plum),60,,,,,,,,
Java apple,25,,,,,,,,
Jeera Rice,160,,,,,,,,
Jerusalem artichoke,73,,,,,,,,
Jicama,38,,,,,,,,
Jowar Bhakri,270,,,,,,,,
Jujube,79,,,,,,,,
Juniper berries,82,,,,,,,,
Kachori,300,,,,,,,,
Kachori Chaat,320,,,,,,,,
Kachori with Aloo Sabzi,350,,,,,,,,
Kadai Chicken,280,,,,,,,,
Kaffir lime,20,,,,,,,,
Kaffir lime leaves (dried),320,,,,,,,,
Kaju Katli,520,,,,,,,,
Kaju Laddu,520,,,,,,,,
Kaju Roll,520,,,,,,,,
Kala Jamun,320,,,,,,,,
Kale,49,,,,,,,,
Kamut,337,,,,,,,,
Kamut (Khorasan wheat),337,,,,,,,,
Kamut flour,337,,,,,,,,
Kangaroo (cooked),110,,,,,,,,
Kangaroo (raw),98,,,,,,,,
Kathi Roll,300,,,,,,,,
Kefir,41,,,,,,,,
Kesar Barfi,410,,,,,,,,
Kesar Doodh,160,,,,,,,,
Kesar Milk,160,,,,,,,,
Kesar Milk Cake,430,,,,,,,,
Kesar Peda,390,,,,,,,,
Ketchup,112,,,,,,,,
Khajoor (Dates) Laddu,350,,,,,,,,
Khakhra,350,,,,,,,,
Khaman Dhokla,145,,,,,,,,
Khandvi,130,,,,,,,,
Kheer,160,,,,,,,,
Kheer Kadam,420,,,,,,,,
Khichdi,130,,,,,,,,
Khoya Barfi,430,,,,,,,,
Khoya Laddu,400,,,,,,,,
Kidney beans (cooked),127,,,,,,,,
Kidney beans (raw),333,,,,,,,,
Kiwano (Horned melon),44,,,,,,,,
Kiwi,49,,,,,,,,
Kiwi,61,,,,,,,,
Kiwi berry,61,,,,,,,,
Kohlrabi,27,,,,,,,,
Kohlrabi (purple),27,,,,,,,,
Kohlrabi (white),27,,,,,,,,
Kohlrabi leaves,34,,,,,,,,
Kohlrabi leaves,27,,,,,,,,
Kokum butter,862,,,,,,,,
Kola nuts,646,,,,,,,,
Kukui nut oil,884,,,,,,,,
Kukui nuts,719,,,,,,,,
Kulcha,350,,,,,,,,
Kulfi,200,,,,,,,,
Kumquat,71,,,,,,,,
Kuttu Paratha,280,,,,,,,,
Labneh,120,,,,,,,,
Ladoo,400,,,,,,,,
Ladoo (Besan),400,,,,,,,,
Ladoo (Coconut),450,,,,,,,,
"Lamb (raw, lean)",294,,,,,,,,
Lamb chop (cooked),282,,,,,,,,
Langsat,57,,,,,,,,
Langsat,49,,,,,,,,
Lard,902,,,,,,,,
Lard (refined),902,,,,,,,,
Lasagna,160,,,,,,,,
Lassi (Salted),100,,,,,,,,
Lassi (Sweet),150,,,,,,,,
Lavender,323,,,,,,,,
Lavender (dried),323,,,,,,,,
Leek,61,,,,,,,,
Lemon,18,,,,,,,,
Lemon balm (dried),266,,,,,,,,
Lemongrass (dried),297,,,,,,,,
Lentil curry (cooked),116,,,,,,,,
Lentil flour,360,,,,,,,,
Lentil soup (canned),60,,,,,,,,
Lentil sprouts,29,,,,,,,,
Lentils (brown),352,,,,,,,,
Lentils (cooked),116,,,,,,,,
Lentils (raw),353,,,,,,,,
Lentils (red),358,,,,,,,,
Lentils (sprouted),29,,,,,,,,
Lettuce,15,,,,,,,,
Lettuce (iceberg),14,,,,,,,,
Lettuce (romaine),17,,,,,,,,
Lima beans,115,,,,,,,,
Lima beans,338,,,,,,,,
Lima beans (cooked),115,,,,,,,,
Lima beans (raw),338,,,,,,,,
Lime,25,,,,,,,,
Lobster (cooked),90,,,,,,,,
Lobster (raw),89,,,,,,,,
Loganberry,50,,,,,,,,
Longan,60,,,,,,,,
Loquat,47,,,,,,,,
Lotus root,74,,,,,,,,
Lotus seeds,89,,,,,,,,
Lotus stem,74,,,,,,,,
Low-fat cream,195,,,,,,,,
Lucuma,99,,,,,,,,
Lupin beans,371,,,,,,,,
Lupin beans (cooked),120,,,,,,,,
Lupin beans (raw),371,,,,,,,,
Lupin flour,371,,,,,,,,
Lychee,58,,,,,,,,
Lychee,66,,,,,,,,
Macadamia butter,718,,,,,,,,
Macadamia flour,718,,,,,,,,
Macadamia nut oil,884,,,,,,,,
Macadamia nut oil (refined),884,,,,,,,,
Macadamia nuts,718,,,,,,,,
Macadamia oil,884,,,,,,,,
Macaroni and Cheese,170,,,,,,,,
Mace (ground),475,,,,,,,,
Mache (lamb's lettuce),21,,,,,,,,
Mackerel (cooked),305,,,,,,,,
Mackerel (raw),205,,,,,,,,
Maize flour,365,,,,,,,,
Makki Ki Roti,280,,,,,,,,
Malabar spinach,19,,,,,,,,
Malai Ghevar,400,,,,,,,,
Malai Kofta,350,,,,,,,,
Malai Laddu,430,,,,,,,,
Malai Roll,350,,,,,,,,
Malpua,310,,,,,,,,
Malt extract,290,,,,,,,,
Malted barley,349,,,,,,,,
Mamey,120,,,,,,,,
Mamey sapote,124,,,,,,,,
Mango,57,,,,,,,,
Mango,60,,,,,,,,
Mango Barfi,320,,,,,,,,
Mango butter,862,,,,,,,,
Mango Kulfi,210,,,,,,,,
Mangosteen,73,,,,,,,,
Marama bean,345,,,,,,,,
Margarine,717,,,,,,,,
Margarine (soft tub),717,,,,,,,,
Margarine (stick),717,,,,,,,,
Marionberry,29,,,,,,,,
Marionberry,50,,,,,,,,
Marjoram,271,,,,,,,,
Marjoram (dried),271,,,,,,,,
Masala Chai,45,,,,,,,,
Masala Chai (Tea),40,,,,,,,,
Masala Dosa,168,,,,,,,,
Masala Idli,160,,,,,,,,
Masala Omelette,180,,,,,,,,
Masala Pav,280,,,,,,,,
Masala Puri,260,,,,,,,,
Masala Soda,70,,,,,,,,
Mascarpone cheese,429,,,,,,,,
Mashed Potatoes,88,,,,,,,,
"Masoor dal (red lentil split, cooked)",116,,,,,,,,
Mathri,450,,,,,,,,
Mawa Barfi,430,,,,,,,,
Mawa Cake,320,,,,,,,,
Mayonnaise,680,,,,,,,,
Meatballs,250,,,,,,,,
"Meatballs (beef, cooked)",250,,,,,,,,
Meatloaf,250,,,,,,,,
"Meatloaf (beef, cooked)",250,,,,,,,,
Medlar,47,,,,,,,,
Medu Vada,350,,,,,,,,
Melon: Cantaloupe,34,,,,,,,,
Melon: Honeydew,30,,,,,,,,
Methi Laddu,400,,,,,,,,
Methi Paratha,270,,,,,,,,
Methi Thepla,260,,,,,,,,
Milk (buffalo),97,,,,,,,,
Milk (camel),46,,,,,,,,
Milk (goat),69,,,,,,,,
Milk (sheep),108,,,,,,,,
Milk (whole),61,,,,,,,,
Milk Cake,350,,,,,,,,
Milk Cake Barfi,430,,,,,,,,
Milk Coffee,70,,,,,,,,
Milk Peda,390,,,,,,,,
Milk Peda Roll,390,,,,,,,,
Milk powder (skim),358,,,,,,,,
Milk powder (whole),496,,,,,,,,
Milk Toast,210,,,,,,,,
Milkshake (mango),150,,,,,,,,
Millet,378,,,,,,,,
Millet (cooked),119,,,,,,,,
Millet (dry),378,,,,,,,,
Millet flour,378,,,,,,,,
Millet Porridge,140,,,,,,,,
Mint,333,,,,,,,,
Mint (dried),333,,,,,,,,
Miracle fruit,25,,,,,,,,
Miracle fruit,52,,,,,,,,
Misal Pav,320,,,,,,,,
Mixed pulses (cooked),127,,,,,,,,
Mixed Vegetable Paratha,290,,,,,,,,
Modak,290,,,,,,,,
Momo (fried),220,,,,,,,,
Momo (steamed),140,,,,,,,,
Momos (fried),220,,,,,,,,
Momos (steamed),140,,,,,,,,
"Moong dal (green gram split, cooked)",105,,,,,,,,
Moong Dal Chilla,220,,,,,,,,
Moong Dal Dosa,160,,,,,,,,
Moong Dal Fry,440,,,,,,,,
Moong Dal Halwa,400,,,,,,,,
Moringa leaves,64,,,,,,,,
Moringa oil,884,,,,,,,,
Moringa oil (refined),884,,,,,,,,
Moth beans,343,,,,,,,,
Mozzarella Cheese,280,,,,,,,,
Muenster cheese,368,,,,,,,,
Muesli,350,,,,,,,,
Muesli with nuts,416,,,,,,,,
Muffin,377,,,,,,,,
Mulberry,43,,,,,,,,
Mung bean flour,347,,,,,,,,
Mung beans,347,,,,,,,,
Mung beans (cooked),105,,,,,,,,
Mung beans (raw),347,,,,,,,,
Murukku,470,,,,,,,,
Mussels (cooked),172,,,,,,,,
Mussels (raw),86,,,,,,,,
Mustard,66,,,,,,,,
Mustard greens,27,,,,,,,,
Mustard oil,884,,,,,,,,
Mustard oil (refined),884,,,,,,,,
Mustard powder,508,,,,,,,,
Mustard seed flour,508,,,,,,,,
Mustard seeds,508,,,,,,,,
Mustard seeds (black),508,,,,,,,,
Mustard seeds (yellow),508,,,,,,,,
Mutton (cooked),282,,,,,,,,
Mutton (raw),294,,,,,,,,
Mutton Biryani,290,,,,,,,,
Mutton Curry,290,,,,,,,,
Mutton Keema Paratha,350,,,,,,,,
Mutton Samosa,280,,,,,,,,
Mysore Pak,550,,,,,,,,
Naan,270,,,,,,,,
Namak Pare,430,,,,,,,,
Namkeen Mix,450,,,,,,,,
Nance,66,,,,,,,,
Nance fruit,80,,,,,,,,
Naranjilla,40,,,,,,,,
Nasturtium seeds,466,,,,,,,,
Navy beans,337,,,,,,,,
Navy beans (cooked),140,,,,,,,,
Navy beans (raw),337,,,,,,,,
Nectarine,36,,,,,,,,
Nectarine,44,,,,,,,,
Neem oil,884,,,,,,,,
Nigella seeds,325,,,,,,,,
Nimbu Pani (Lemon Water),15,,,,,,,,
Non-dairy yogurt (almond milk based),50,,,,,,,,
Non-dairy yogurt (soy milk based),54,,,,,,,,
Noodles (cooked),138,,,,,,,,
Noodles (dry),364,,,,,,,,
Nopal (cactus pads),16,,,,,,,,
Nopales (cactus pads),16,,,,,,,,
Nutmeg (ground),525,,,,,,,,
Nutmeg powder,525,,,,,,,,
Oat bran,246,,,,,,,,
Oat flour,400,,,,,,,,
Oat flour,404,,,,,,,,
Oat groats,379,,,,,,,,
Oat groats,389,,,,,,,,
Oat milk,43,,,,,,,,
Oatmeal (cooked),71,,,,,,,,
Oats,389,,,,,,,,
Oats (rolled),379,,,,,,,,
Oats Upma,180,,,,,,,,
Octopus (cooked),164,,,,,,,,
Octopus (raw),82,,,,,,,,
Okra,33,,,,,,,,
Olallieberry,52,,,,,,,,
Olive,115,,,,,,,,
Olive (black),164,,,,,,,,
Olive oil (extra virgin),884,,,,,,,,
Olive oil (refined),884,,,,,,,,
Olives (black),115,,,,,,,,
Olives (green),145,,,,,,,,
Omelette,153,,,,,,,,
Onion,40,,,,,,,,
Onion Uttapam,160,,,,,,,,
Orange,37,,,,,,,,
Orange,47,,,,,,,,
Orange Juice,45,,,,,,,,
Oregano,265,,,,,,,,
Oregano (dried),265,,,,,,,,
Oroblanco,46,,,,,,,,
Oysters (cooked),120,,,,,,,,
Oysters (raw),68,,,,,,,,
Pakora (vegetable fritters),294,,,,,,,,
Palak Paneer,180,,,,,,,,
Palm kernel oil,862,,,,,,,,
Palm kernel oil (refined),862,,,,,,,,
Palm oil (red),884,,,,,,,,
Palm oil (refined),884,,,,,,,,
Palm olein,884,,,,,,,,
Palm stearin,884,,,,,,,,
Pancake Syrup,260,,,,,,,,
Pancakes,227,,,,,,,,
Paneer (homemade),265,,,,,,,,
Paneer (Indian cottage cheese),265,,,,,,,,
Paneer Butter Masala,290,,,,,,,,
Paneer Pakora,350,,,,,,,,
Paneer Paratha,300,,,,,,,,
Paneer Sandwich,260,,,,,,,,
Paneer Tikka,320,,,,,,,,
Pani Puri,150,,,,,,,,
Papaya,26,,,,,,,,
Papaya,43,,,,,,,,
Papdi Chaat,220,,,,,,,,
Paprika,282,,,,,,,,
Paprika (smoked),282,,,,,,,,
Paratha,290,,,,,,,,
Paratha (plain),220,,,,,,,,
Parmesan Cheese,431,,,,,,,,
Parsley,36,,,,,,,,
Parsley,292,,,,,,,,
Parsley (dried),292,,,,,,,,
Parsnip,75,,,,,,,,
Passion fruit,97,,,,,,,,
Passionfruit,36,,,,,,,,
Pasta (cooked),131,,,,,,,,
Pasta (dry),371,,,,,,,,
Patishapta,320,,,,,,,,
Patra,200,,,,,,,,
Pav Bhaji,320,,,,,,,,
Pawpaw,80,,,,,,,,
Pea protein isolate,400,,,,,,,,
Pea shoots,35,,,,,,,,
Pea soup (homemade),84,,,,,,,,
Peach,39,,,,,,,,
Peanut Butter,588,,,,,,,,
Peanut butter (smooth),588,,,,,,,,
Peanut flour,567,,,,,,,,
Peanut oil,884,,,,,,,,
Peanut oil (refined),884,,,,,,,,
Peanuts,567,,,,,,,,
Pear,42,,,,,,,,
Pear,57,,,,,,,,
Pearl barley (dry),352,,,,,,,,
Peas,81,,,,,,,,
Peas (dry),343,,,,,,,,
Peas (dry),341,,,,,,,,
Peas (snap/snow),42,,,,,,,,
Pecan oil,884,,,,,,,,
Pecans,691,,,,,,,,
Peda,390,,,,,,,,
Peppercorns (pink),255,,,,,,,,
Peppercorns (white),296,,,,,,,,
Peppermint (dried),290,,,,,,,,
Perilla oil,884,,,,,,,,
Perilla oil (refined),884,,,,,,,,
Persimmon,70,,,,,,,,
Persimmon,81,,,,,,,,
Pesarattu,160,,,,,,,,
Pesarattu Upma,220,,,,,,,,
Petha,230,,,,,,,,
Pheasant (cooked),165,,,,,,,,
Pheasant (raw),134,,,,,,,,
Phirni,210,,,,,,,,
Phool Makhana Kheer,210,,,,,,,,
Physalis (Cape gooseberry),53,,,,,,,,
Pigeon (cooked),165,,,,,,,,
Pigeon (raw),134,,,,,,,,
Pigeon pea (cooked),135,,,,,,,,
Pigeon pea (toor dal),343,,,,,,,,
"Pigeon pea (toor dal, raw)",343,,,,,,,,
"Pigeon pea split dal (toor dal, cooked)",135,,,,,,,,
Pili nut oil,884,,,,,,,,
Pili nuts,719,,,,,,,,
Pine nut butter,628,,,,,,,,
Pine nut flour,673,,,,,,,,
Pine nut oil,884,,,,,,,,
Pine nuts,673,,,,,,,,
Pineapple,50,,,,,,,,
Pineberry,32,,,,,,,,
Pinto beans,347,,,,,,,,
Pinto beans (cooked),143,,,,,,,,
Pinto beans (raw),347,,,,,,,,
Pista Kulfi,220,,,,,,,,
Pista Laddu,410,,,,,,,,
Pista Peda,390,,,,,,,,
Pista Roll,350,,,,,,,,
Pista Roll,410,,,,,,,,
Pistachio butter,562,,,,,,,,
Pistachio flour,562,,,,,,,,
Pistachio oil,884,,,,,,,,
Pistachio oil (refined),884,,,,,,,,
Pistachios,562,,,,,,,,
Pitaya (Dragon fruit),50,,,,,,,,
Pitaya (Dragonfruit),50,,,,,,,,
Pizza (cheese),266,,,,,,,,
Plain Basmati Rice,130,,,,,,,,
Plain Black Tea,2,,,,,,,,
Plain Dosa,150,,,,,,,,
Plantain,122,,,,,,,,
Plum,46,,,,,,,,
Poha,150,,,,,,,,
Poha Chivda,170,,,,,,,,
Poha with Peanuts,170,,,,,,,,
Polenta,370,,,,,,,,
Pomegranate,68,,,,,,,,
Pomegranate,83,,,,,,,,
Pomelo,38,,,,,,,,
Poori,250,,,,,,,,
Popcorn (air-popped),387,,,,,,,,
Poppy seed flour,525,,,,,,,,
Poppy seeds,525,,,,,,,,
"Pork (lean, raw)",143,,,,,,,,
Pork belly (raw),518,,,,,,,,
Pork Chop,231,,,,,,,,
Pork chop (cooked),231,,,,,,,,
Pork liver (cooked),190,,,,,,,,
Pork liver (raw),165,,,,,,,,
Porridge (Rice/Millet),140,,,,,,,,
Potato,77,,,,,,,,
Potato (white),77,,,,,,,,
Potato Chips,530,,,,,,,,
Potato Chips,536,,,,,,,,
Powdered buttermilk,494,,,,,,,,
Powdered skim milk,360,,,,,,,,
Prawn Curry,220,,,,,,,,
Pretzel,380,,,,,,,,
Prickly pear,41,,,,,,,,
Processed cheese slices,320,,,,,,,,
Provolone cheese,351,,,,,,,,
Puffed rice,389,,,,,,,,
Puffed wheat,380,,,,,,,,
Pumpkin,26,,,,,,,,
Pumpkin leaves,32,,,,,,,,
Pumpkin seed butter,559,,,,,,,,
Pumpkin seed flour,559,,,,,,,,
Pumpkin seed oil,884,,,,,,,,
Pumpkin seed oil (refined),884,,,,,,,,
Pumpkin seeds,559,,,,,,,,
Puran Poli,300,,,,,,,,
Puri,250,,,,,,,,
Puri Bhaji,320,,,,,,,,
Purslane,20,,,,,,,,
Puy lentils (cooked),116,,,,,,,,
Puy lentils (raw),352,,,,,,,,
Quail (raw),123,,,,,,,,
Queso fresco,298,,,,,,,,
Quince,57,,,,,,,,
Quinoa,368,,,,,,,,
Quinoa (cooked),120,,,,,,,,
Quinoa flour,368,,,,,,,,
Rabbit (raw),173,,,,,,,,
Rabri,210,,,,,,,,
Rabri Falooda,320,,,,,,,,
Radicchio,23,,,,,,,,
Radish,16,,,,,,,,
Ragda Pattice,280,,,,,,,,
Ragi Mudde,280,,,,,,,,
Raisin,299,,,,,,,,
Rajma,210,,,,,,,,
Rajma Chawal,210,,,,,,,,
Rambutan,68,,,,,,,,
Ras Malai,220,,,,,,,,
Ras Malai Roll,220,,,,,,,,
Rasgulla,250,,,,,,,,
Raspberry,29,,,,,,,,
Rava Kesari,350,,,,,,,,
Red cabbage,31,,,,,,,,
Red chili powder,282,,,,,,,,
Red kidney beans,333,,,,,,,,
Red kidney beans (cooked),127,,,,,,,,
Red kidney beans (raw),333,,,,,,,,
Red leaf lettuce,21,,,,,,,,
Red lentil soup (cooked),120,,,,,,,,
Red lentils,358,,,,,,,,
Red onion,40,,,,,,,,
Red Wine,85,,,,,,,,
Redcurrant,56,,,,,,,,
Reduced fat milk 2 percent,50,,,,,,,,
Rhubarb,21,,,,,,,,
Ribbon Pakoda,450,,,,,,,,
Rice (brown),111,,,,,,,,
Rice (parboiled),123,,,,,,,,
"Rice (white, polished)",130,,,,,,,,
Rice bran,316,,,,,,,,
Rice bran oil,884,,,,,,,,
Rice bran oil (refined),884,,,,,,,,
Rice flakes,365,,,,,,,,
Rice flour,366,,,,,,,,
Rice milk,47,,,,,,,,
Rice noodles,109,,,,,,,,
Rice vermicelli (cooked),109,,,,,,,,
Ricotta (part skim),138,,,,,,,,
Ricotta (whole milk),174,,,,,,,,
Ricotta cheese,174,,,,,,,,
Roast Chicken (skin),215,,,,,,,,
Rolled oats,389,,,,,,,,
Romanesco broccoli,25,,,,,,,,
Romano cheese,387,,,,,,,,
Rose apple,25,,,,,,,,
Rose Barfi,400,,,,,,,,
Rose Falooda,250,,,,,,,,
Rose Laddu,390,,,,,,,,
Rose Milk,100,,,,,,,,
Rose Sharbat,60,,,,,,,,
Rosemary,131,,,,,,,,
Rosemary (dried),131,,,,,,,,
Roti,260,,,,,,,,
Roti with Ghee,260,,,,,,,,
Rutabaga,38,,,,,,,,
Rye,338,,,,,,,,
Rye berries,338,,,,,,,,
Rye bread,259,,,,,,,,
Rye flour,325,,,,,,,,
Rye flour,331,,,,,,,,
Sabudana Kheer,200,,,,,,,,
Sabudana Khichdi,180,,,,,,,,
Sabudana Thalipeeth,200,,,,,,,,
Sabudana Vada,340,,,,,,,,
Sacha inchi flour,600,,,,,,,,
Sacha inchi oil,884,,,,,,,,
Sacha inchi seeds,600,,,,,,,,
Safflower oil,884,,,,,,,,
Safflower oil (high oleic),884,,,,,,,,
Safflower oil (refined),884,,,,,,,,
Safflower petals (dried),350,,,,,,,,
Saffron,310,,,,,,,,
Sage,315,,,,,,,,
Sage (dried),315,,,,,,,,
Salak (snake fruit),82,,,,,,,,
Salami,336,,,,,,,,
Salmon (grilled),206,,,,,,,,
Salmonberry,40,,,,,,,,
Salsify,82,,,,,,,,
Samosa,262,,,,,,,,
Sandesh,350,,,,,,,,
Santol,60,,,,,,,,
Sapodilla,83,,,,,,,,
Sardines (canned in oil),208,,,,,,,,
Sardines (canned in water),140,,,,,,,,
Sattu Drink,130,,,,,,,,
Sattu Paratha,250,,,,,,,,
Sausage (pork),301,,,,,,,,
"Sausage (pork, cooked)",301,,,,,,,,
Scallions (green onion),32,,,,,,,,
Scallops (cooked),111,,,,,,,,
Scallops (raw),69,,,,,,,,
Scarlet runner beans,343,,,,,,,,
Scrambled Eggs,148,,,,,,,,
Sea beet,19,,,,,,,,
Sea buckthorn,82,,,,,,,,
Sea cucumber (raw),60,,,,,,,,
Sea kale,33,,,,,,,,
Seal oil,902,,,,,,,,
Seaweed (nori),35,,,,,,,,
Seaweed (raw),45,,,,,,,,
Semolina,360,,,,,,,,
Semolina (cooked),118,,,,,,,,
Serviceberry,88,,,,,,,,
Sesame oil,884,,,,,,,,
Sesame oil (refined),884,,,,,,,,
Sesame seed flour,573,,,,,,,,
Sesame seeds,573,,,,,,,,
Sev,580,,,,,,,,
Sev Mamra,550,,,,,,,,
Sev Puri,250,,,,,,,,
Seviyan (vermicelli) Upma,190,,,,,,,,
Shallot,72,,,,,,,,
Shallots,72,,,,,,,,
Shea butter,862,,,,,,,,
Shea nut butter,862,,,,,,,,
Shortening,884,,,,,,,,
Shortening (hydrogenated),884,,,,,,,,
Shortening (vegetable),884,,,,,,,,
Shrikhand,150,,,,,,,,
Shrimp,99,,,,,,,,
Shrimp (cooked),106,,,,,,,,
Shrimp (raw),99,,,,,,,,
Sichuan pepper,270,,,,,,,,
Skim milk (fat-free),34,,,,,,,,
Smoked salmon,117,,,,,,,,
Snap peas (cooked),42,,,,,,,,
Snap peas (raw),42,,,,,,,,
Snow peas,42,,,,,,,,
Snow peas (cooked),42,,,,,,,,
Snow peas (raw),42,,,,,,,,
Soan Papdi,400,,,,,,,,
Sohan Papdi,400,,,,,,,,
Sorghum,329,,,,,,,,
Sorghum (cooked),192,,,,,,,,
Sorghum flour,329,,,,,,,,
Sorrel,22,,,,,,,,
Sour cream,193,,,,,,,,
Sour cream (cultured),193,,,,,,,,
Sour cream (light),120,,,,,,,,
Soursop,66,,,,,,,,
Soy milk,54,,,,,,,,
Soy nuts (dry roasted),450,,,,,,,,
Soy nuts (roasted soybeans),446,,,,,,,,
Soy protein isolate,336,,,,,,,,
Soybean (cooked),173,,,,,,,,
Soybean (dry),446,,,,,,,,
Soybean (raw),446,,,,,,,,
Soybean oil,884,,,,,,,,
Soybean oil (refined),884,,,,,,,,
Spaghetti (cooked),158,,,,,,,,
Spelt,338,,,,,,,,
Spelt flour,338,,,,,,,,
Spinach,23,,,,,,,,
Spinach (baby),23,,,,,,,,
Split black gram,347,,,,,,,,
Split pea soup (canned),70,,,,,,,,
Split peas,352,,,,,,,,
Split peas (cooked),118,,,,,,,,
Split peas (raw),341,,,,,,,,
Split peas (yellow),352,,,,,,,,
Sprouted chickpeas,31,,,,,,,,
Sprouted mung beans,30,,,,,,,,
Sprouts Salad,120,,,,,,,,
Squash (summer),16,,,,,,,,
Squid (cooked),175,,,,,,,,
Squid (raw),92,,,,,,,,
Star anise,337,,,,,,,,
Star fruit (Carambola),31,,,,,,,,
Starfruit,31,,,,,,,,
Starfruit (Carambola),31,,,,,,,,
Steel-cut oats,375,,,,,,,,
Strawberry,32,,,,,,,,
Strawberry,33,,,,,,,,
Stuffed Capsicum,150,,,,,,,,
Suet,902,,,,,,,,
Sugar apple,94,,,,,,,,
Sugar snap peas,42,,,,,,,,
Sugarcane Juice,90,,,,,,,,
Sugarcane Juice (fresh),90,,,,,,,,
Sumac,245,,,,,,,,
Sunchoke,73,,,,,,,,
Sunchoke (Jerusalem artichoke),73,,,,,,,,
Sunflower oil,884,,,,,,,,
Sunflower oil (refined),884,,,,,,,,
Sunflower seed butter,584,,,,,,,,
Sunflower seed flour,584,,,,,,,,
Sunflower seed oil,884,,,,,,,,
Sunflower seeds,584,,,,,,,,
Sweet bell pepper (yellow),27,,,,,,,,
Sweet corn,86,,,,,,,,
Sweet Corn Soup,120,,,,,,,,
Sweet paprika,282,,,,,,,,
Sweet Pongal,350,,,,,,,,
Sweet potato,86,,,,,,,,
Sweet Samosa,290,,,,,,,,
Swiss chard,19,,,,,,,,
Swiss cheese (Emmental),380,,,,,,,,
Szechuan pepper,270,,,,,,,,
Tallow,902,,,,,,,,
Tallow (beef fat),902,,,,,,,,
Tamarillo,31,,,,,,,,
Tamarind,239,,,,,,,,
Tamarind (dry powder),239,,,,,,,,
Tamarind (raw pulp),239,,,,,,,,
Tandoori Roti,270,,,,,,,,
Tangerine,53,,,,,,,,
Taro root,142,,,,,,,,
Tarragon,295,,,,,,,,
Tarragon (dried),295,,,,,,,,
Tea seed oil,884,,,,,,,,
Tea seed oil (refined),884,,,,,,,,
Teff,367,,,,,,,,
Teff flour,367,,,,,,,,
Tempeh (fermented soy),193,,,,,,,,
Tepary beans,345,,,,,,,,
Thandai,160,,,,,,,,
Thandai Ice Cream,220,,,,,,,,
Thepla,250,,,,,,,,
Thyme,101,,,,,,,,
Thyme,276,,,,,,,,
Thyme (dried),276,,,,,,,,
Tiger nut oil,884,,,,,,,,
Tiger nuts (chufa),496,,,,,,,,
Tilgul,450,,,,,,,,
Tilgul (Sesame jaggery),450,,,,,,,,
Tinda,20,,,,,,,,
Tofu (firm),76,,,,,,,,
Tomatillo,32,,,,,,,,
Tomato,18,,,,,,,,
Triticale,335,,,,,,,,
Triticale,330,,,,,,,,
Triticale flour,335,,,,,,,,
Triticale flour,330,,,,,,,,
Trout (cooked),168,,,,,,,,
Trout (raw),148,,,,,,,,
Tuna (canned in water),132,,,,,,,,
"Tuna (fresh, raw)",144,,,,,,,,
Turkey (roasted),135,,,,,,,,
Turkey bacon (cooked),135,,,,,,,,
Turkey breast (skinless),135,,,,,,,,
Turkey thigh (skinless),149,,,,,,,,
Turmeric,312,,,,,,,,
Turmeric (ground),312,,,,,,,,
Turnip,28,,,,,,,,
Ugli fruit,47,,,,,,,,
Upma,180,,,,,,,,
Upma with Vegetables,180,,,,,,,,
"Urad dal (black gram split, cooked)",116,,,,,,,,
Uttapam,160,,,,,,,,
Vada Pav,250,,,,,,,,
Vanilla beans (dry),288,,,,,,,,
"Veal (raw, lean)",172,,,,,,,,
Veal cutlet (cooked),190,,,,,,,,
Veal liver (cooked),175,,,,,,,,
Veal liver (raw),135,,,,,,,,
Veg Korma,200,,,,,,,,
Vegetable Cutlet,220,,,,,,,,
Vegetable Cutlets,220,,,,,,,,
Vegetable Frankie,270,,,,,,,,
Vegetable oil blend,884,,,,,,,,
Vegetable Pakora,280,,,,,,,,
Vegetable Pulao,180,,,,,,,,
Vegetable Sambar,120,,,,,,,,
Vegetable Sandwich,220,,,,,,,,
Vegetable Upma,180,,,,,,,,
Velvet bean,343,,,,,,,,
Venison (raw),158,,,,,,,,
Waffles,291,,,,,,,,
Walnut butter,654,,,,,,,,
Walnut flour,654,,,,,,,,
Walnut oil,884,,,,,,,,
Walnut oil (refined),884,,,,,,,,
Walnuts,654,,,,,,,,
Wasabi,109,,,,,,,,
Wasabi powder,109,,,,,,,,
Wasabi root,109,,,,,,,,
Water chestnut,97,,,,,,,,
Water spinach,19,,,,,,,,
Watercress,11,,,,,,,,
Watermelon,30,,,,,,,,
Watermelon seed flour,557,,,,,,,,
Watermelon seed oil,884,,,,,,,,
Watermelon seeds (dried),557,,,,,,,,
Whale oil,902,,,,,,,,
Wheat (whole grain),340,,,,,,,,
Wheat bran,216,,,,,,,,
Wheat bran oil,884,,,,,,,,
Wheat flakes,338,,,,,,,,
Wheat flour (refined),364,,,,,,,,
Wheat flour (whole),340,,,,,,,,
Wheat germ,360,,,,,,,,
Wheat malt,360,,,,,,,,
Wheat tortilla,312,,,,,,,,
Whey,26,,,,,,,,
Whey concentrate (liquid),50,,,,,,,,
Whey concentrate (powder),370,,,,,,,,
Whey protein concentrate,370,,,,,,,,
Whey protein hydrolysate,370,,,,,,,,
Whey protein isolate,360,,,,,,,,
Whey protein powder,360,,,,,,,,
White beans,337,,,,,,,,
White beans (cooked),140,,,,,,,,
White beans (raw),337,,,,,,,,
White bread,265,,,,,,,,
White currant,56,,,,,,,,
White kidney beans,337,,,,,,,,
White mustard seeds,508,,,,,,,,
White pepper (ground),296,,,,,,,,
White rice (cooked),130,,,,,,,,
White sapote,75,,,,,,,,
White Wine,82,,,,,,,,
Whole milk (3.25% fat),61,,,,,,,,
Whole wheat bread,247,,,,,,,,
Wild rice,357,,,,,,,,
Wild rice,101,,,,,,,,
Wild rice (cooked),101,,,,,,,,
Wild rice (raw),357,,,,,,,,
Wild rice flour,357,,,,,,,,
Winged bean,119,,,,,,,,
Winged bean,123,,,,,,,,
Winged beans,119,,,,,,,,
Yam,118,,,,,,,,
Yellow mung beans,347,,,,,,,,
Yellow split peas,352,,,,,,,,
Yellow split peas (cooked),118,,,,,,,,
Yellow split peas (raw),341,,,,,,,,
Yellow squash,16,,,,,,,,
"Yogurt (flavored, fruit)",95,,,,,,,,
Yogurt (Greek style low fat),59,,,,,,,,
Yogurt (Greek style whole milk),97,,,,,,,,
Yogurt (Icelandic style/skyr),60,,,,,,,,
Yogurt (low fat),59,,,,,,,,
"Yogurt (plain, whole milk)",61,,,,,,,,
"Yogurt (plain, whole)",61,,,,,,,,
Yogurt drink (plain),60,,,,,,,,
Yuca (cassava),160,,,,,,,,
Yuzu,20,,,,,,,,
Zizania (wild rice),357,,,,,,,,
Ziziphus (Chinese date),79,,,,,,,,
Zucchini,17,,,,,,,,
Zucchini (yellow),17,,,,,,,,
,,,,,,,,,
,,,,,,,,,
,,,,,,,,,
,,,,,,,,,
,,,,,,,,,
,,,,,,,,,
,,,,,,,,,
,,,,,,,,,
,,,,,,,,,
,,,,,,,,,
,,,,,,,,,
,,,,,,,,,
,,,,,,,,,
,,,,,,,,,
,,,,,,,,,
,,,,,,,,,
,,,,,,,,,
,,,,,,,,,
,,,,,,,,,
,,,,,,,,,
,,,,,,,,,
,,,,,,,,,
,,,,,,,,,
,,,,,,,,,
,,,,,,,,,
,,,,,,,,,
,,,,,,,,,
,,,,,,,,,
,,,,,,,,,
,,,,,,,,,
,,,,,,,,,
,,,,,,,,,
,,,,,,,,,
,,,,,,,,,
,,,,,,,,,
,,,,,,,,,
,,,,,,,,,
,,,,,,,,,
,,,,,,,,,
,,,,,,,,,
,,,,,,,,,
,,,,,,,,,
,,,,,,,,,
,,,,,,,,,
,,,,,,,,,
,,,,,,,,,
,,,,,,,,,
,,,,,,,,,
,,,,,,,,,
,,,,,,,,,
,,,,,,,,,
,,,,,,,,,
,,,,,,,,,
,,,,,,,,,
,,,,,,,,,
,,,,,,,,,
,,,,,,,,,
,,,,,,,,,
,,,,,,,,,
,,,,,,,,,
,,,,,,,,,
,,,,,,,,,
,,,,,,,,,
,,,,,,,,,
,,,,,,,,,
,,,,,,,,,
,,,,,,,,,
,,,,,,,,,
,,,,,,,,,
,,,,,,,,,
,,,,,,,,,
,,,,,,,,,
,,,,,,,,,
,,,,,,,,,
,,,,,,,,,
,,,,,,,,,
,,,,,,,,,
,,,,,,,,,
,,,,,,,,,
,,,,,,,,,
,,,,,,,,,
,,,,,,,,,
,,,,,,,,,
,,,,,,,,,
,,,,,,,,,
,,,,,,,,,
,,,,,,,,,
,,,,,,,,,
,,,,,,,,,
,,,,,,,,,
,,,,,,,,,
,,,,,,,,,
,,,,,,,,,
,,,,,,,,,
,,,,,,,,,
,,,,,,,,,
,,,,,,,,,
,,,,,,,,,
,,,,,,,,,
,,,,,,,,,
,,,,,,,,,
,,,,,,,,,
,,,,,,,,,
,,,,,,,,,
,,,,,,,,,
,,,,,,,,,
,,,,,,,,,
,,,,,,,,,
,,,,,,,,,
,,,,,,,,,
,,,,,,,,,
,,,,,,,,,
,,,,,,,,,
,,,,,,,,,
,,,,,,,,,
,,,,,,,,,
,,,,,,,,,
,,,,,,,,,
,,,,,,,,,
,,,,,,,,,
,,,,,,,,,
,,,,,,,,,
,,,,,,,,,
,,,,,,,,,
,,,,,,,,,
